-- MySQL dump 10.18  Distrib 10.3.27-MariaDB, for debian-linux-gnu (x86_64)
--
-- Host: localhost    Database: plataforma_db
-- ------------------------------------------------------
-- Server version	10.3.27-MariaDB-0+deb10u1

/*!40101 SET @OLD_CHARACTER_SET_CLIENT=@@CHARACTER_SET_CLIENT */;
/*!40101 SET @OLD_CHARACTER_SET_RESULTS=@@CHARACTER_SET_RESULTS */;
/*!40101 SET @OLD_COLLATION_CONNECTION=@@COLLATION_CONNECTION */;
/*!40101 SET NAMES utf8mb4 */;
/*!40103 SET @OLD_TIME_ZONE=@@TIME_ZONE */;
/*!40103 SET TIME_ZONE='+00:00' */;
/*!40014 SET @OLD_UNIQUE_CHECKS=@@UNIQUE_CHECKS, UNIQUE_CHECKS=0 */;
/*!40014 SET @OLD_FOREIGN_KEY_CHECKS=@@FOREIGN_KEY_CHECKS, FOREIGN_KEY_CHECKS=0 */;
/*!40101 SET @OLD_SQL_MODE=@@SQL_MODE, SQL_MODE='NO_AUTO_VALUE_ON_ZERO' */;
/*!40111 SET @OLD_SQL_NOTES=@@SQL_NOTES, SQL_NOTES=0 */;

--
-- Table structure for table `equipamentos`
--

DROP TABLE IF EXISTS `equipamentos`;
/*!40101 SET @saved_cs_client     = @@character_set_client */;
/*!40101 SET character_set_client = utf8 */;
CREATE TABLE `equipamentos` (
  `id_equip` int(11) NOT NULL AUTO_INCREMENT,
  `nome_equip` varchar(100) DEFAULT NULL,
  `tipo_equip` varchar(100) DEFAULT NULL,
  `local_equip` varchar(100) DEFAULT NULL,
  `inf_equip` varchar(100) DEFAULT NULL,
  `equip_plat_id` int(11) DEFAULT NULL,
  PRIMARY KEY (`id_equip`),
  KEY `equipamentos_FK` (`equip_plat_id`),
  CONSTRAINT `equipamentos_FK` FOREIGN KEY (`equip_plat_id`) REFERENCES `plataforma` (`id`) ON DELETE CASCADE ON UPDATE CASCADE
) ENGINE=InnoDB AUTO_INCREMENT=25 DEFAULT CHARSET=latin1;
/*!40101 SET character_set_client = @saved_cs_client */;

--
-- Dumping data for table `equipamentos`
--

LOCK TABLES `equipamentos` WRITE;
/*!40000 ALTER TABLE `equipamentos` DISABLE KEYS */;
INSERT INTO `equipamentos` VALUES (1,'SGIE','Servidor Discreto','8° Andar','Rack 02',1),(2,'R5B1L3','Servidor Blade','8 Andar','Lamina 03 Rack 05',2),(3,'R5B1L7','Servidor Blade','8º Andar','Lamina 07 Rack05',3),(4,'R5B1L4','Servidor Blade','8º Andar','Lamina 05 Rack 05',4),(6,'R5B1L4','Servidor Blade','8º Andar','Lamina 04 Rack 05',7),(7,'R5B2L4','Servidor Blade','8º Andar','Lamina 4 ',9),(8,'R5B1L8','Servidor Blade','8º Andar','Blade 01 lamina 8',6),(10,'R5B2L5','Servidor Blade','8º Andar','Blade 02 Lamina 05',10),(11,'R5B2L6','Servidor Blade','8º Andar','Blade 02 Lamina 6',11),(12,'R5B2L7','Servidor Blade','8º Andar','Blade 02 Lamina 07',12),(13,'R5B2L8','Servidor Blade','8º Andar','Blade 02 Lamina 08',15),(14,'Virtualizador','Servidor Discreto','8º Andar','Rack 01 \nDl 360 Gen10 \n172.30.5.204',16),(15,'PMI101','Workstation','8º Andar','Mesa 18 \nBancada APP Paraguai\n10.103.3.45',16),(16,'R6BL104','Servidor Blade','8º Andar','Rack 06 Blade 01 Lamina 04',18),(17,'Firewall DACOM DEV','Workstation','8º Andar','Mesa 16 \nWorkstation Lenovo\nFora do Datacenter',13),(18,'Firewall DACOM Teste','Workstation','8º Andar','HP Z2  Mesa 12  fora do Datacenter\n',14),(19,'Lâmina03_de_06_do_DACOM','Servidor Blade','8o andar, rack6','HPE BL460c Gen10',20),(20,'Lâmina01_de_06_do_DACOM','Servidor Blade','8o andar, rack6','HPE BL460c Gen10',13),(21,'Lâmina02_de_06_do_DACOM','Servidor Blade','8o andar, rack 6','HPE BL460c Gen10',14),(22,'Lâmina04_de_06_do_DACOM','Servidor Blade','8o andar, rack 6','Plataforma GPIS virtualizada -- IP firewall externo 10.103.3.150 -- IP firewall interno 192.168.76.3',21),(23,'Lâmina05_de_06_do_DACOM','Servidor Blade','8o andar, rack 6','HPE BL460c Gen10',22),(24,'R6BL104','Servidor Blade','8º Andar','Rack 06 Blade 01 Lamina 04',26);
/*!40000 ALTER TABLE `equipamentos` ENABLE KEYS */;
UNLOCK TABLES;

--
-- Table structure for table `node`
--

DROP TABLE IF EXISTS `node`;
/*!40101 SET @saved_cs_client     = @@character_set_client */;
/*!40101 SET character_set_client = utf8 */;
CREATE TABLE `node` (
  `id_node` int(11) NOT NULL AUTO_INCREMENT,
  `nome_node` varchar(100) NOT NULL,
  `ssh_node` varchar(100) DEFAULT NULL,
  `vnc_node` varchar(100) DEFAULT NULL,
  `router_node` varchar(100) NOT NULL,
  `host_plat_id` int(11) DEFAULT NULL,
  PRIMARY KEY (`id_node`),
  KEY `node_FK` (`host_plat_id`),
  CONSTRAINT `node_FK` FOREIGN KEY (`host_plat_id`) REFERENCES `plataforma` (`id`) ON DELETE CASCADE ON UPDATE CASCADE
) ENGINE=InnoDB AUTO_INCREMENT=1196 DEFAULT CHARSET=latin1;
/*!40101 SET character_set_client = @saved_cs_client */;

--
-- Dumping data for table `node`
--

LOCK TABLES `node` WRITE;
/*!40000 ALTER TABLE `node` DISABLE KEYS */;
INSERT INTO `node` VALUES (1,'SGIE','2201','5901','192.168.106.20',1),(2,'PIL01','2208','5908','192.168.106.20',1),(3,'CDCI01','2269','','192.168.106.20',1),(4,'CDCI02','2270','','192.168.106.20',1),(5,'SGIE','2209','5901','192.168.33.3',2),(6,'AIS101','2202','5902','192.168.33.3',2),(15,'ASS101','2203','5903','192.168.33.3',2),(16,'ASS102','2204','5904','192.168.33.3',2),(17,'CTR101','2205','5905','192.168.33.3',2),(18,'CTR102','2206','5906','192.168.33.3',2),(19,'MET101','2207','5907','192.168.33.3',2),(20,'PER101','2208','5908','192.168.33.3',2),(21,'PLJ101','22','5909','192.168.33.3',2),(22,'PLN101','2210','5910','192.168.33.3',2),(23,'REV101','2211','5911','192.168.33.3',2),(24,'SDV101','2212','5912','192.168.33.3',2),(25,'SGD101','2213','5913','192.168.33.3',2),(26,'SIC101','2214','5914','192.168.33.3',2),(27,'SIC102','2215','5915','192.168.33.3',2),(28,'SOP101','2216','5916','192.168.33.3',2),(29,'SPA101','2217','5917','192.168.33.3',2),(30,'SRO101','2218','5918','192.168.33.3',2),(31,'SSA101','2219','5919','192.168.33.3',2),(32,'SSA102','2220','5920','192.168.33.3',2),(33,'SUP101','2221','5921','192.168.33.3',2),(34,'VMT101','2222','5922','192.168.33.3',2),(35,'VOP101','2223','5923','192.168.33.3',2),(36,'VUP101','2224','5924','192.168.33.3',2),(37,'ASS201','2220','5901','192.168.43.3',3),(38,'ASS202','2202','5902','192.168.43.3',3),(39,'CTR201','2203','5903','192.168.43.3',3),(40,'CTR202','2204','5904','192.168.43.3',3),(41,'PLJ102','22','5905','192.168.43.3',3),(42,'PLN201','2206','5906','192.168.43.3',3),(43,'SDV201','2207','5907','192.168.43.3',3),(44,'SGD201','2208','5908','192.168.43.3',3),(45,'SIC201','2209','5909','192.168.43.3',3),(46,'SIC202','2210','5910','192.168.43.3',3),(47,'SOP201','2211','5911','192.168.43.3',3),(48,'SPA201','2212','5912','192.168.43.3',3),(49,'SRO201','2213','5913','192.168.43.3',3),(50,'SSA202','2214','5914','192.168.43.3',3),(51,'STA201','2215','5915','192.168.43.3',3),(52,'STA202','2216','5916','192.168.43.3',3),(53,'SUP201','2217','5917','192.168.43.3',3),(54,'VOP201','2218','5918','192.168.43.3',3),(55,'VUP201','2219','5919','192.168.43.3',3),(56,'SBD001-PRIV','2221','5920','192.168.43.3',3),(59,'INF101','2207','5906','192.168.41.3',4),(60,'SRO101','2219','5919','192.168.41.3',4),(61,'PLN101','2230','5934','192.168.41.3',4),(62,'CTR102','2205','5904','192.168.41.3',4),(63,'VOP101','2224','5923','192.168.41.3',4),(64,'TWR101','2223','5928','192.168.41.3',4),(65,'SDV101','2212','5912','192.168.41.3',4),(66,'SSA102','2221','5929','192.168.41.3',4),(67,'SPA101','2218','5917','192.168.41.3',4),(68,'SGIE','2202','5901','192.168.41.3',4),(69,'SBD001-PRIV','2211','5911','192.168.41.3',4),(70,'AWP101','2229','5933','192.168.41.3',4),(71,'SOP101','2217','5916','192.168.41.3',4),(72,'SGD101','2214','5914','192.168.41.3',4),(73,'SADV101','2210','5910','192.168.41.3',4),(74,'CTR103','2206','5905','192.168.41.3',4),(75,'VUP101','2225','5924','192.168.41.3',4),(76,'SRO102','2227','5931','192.168.41.3',4),(77,'ASS102','2203','5902','192.168.41.3',4),(78,'ASS103','2204','5903','192.168.41.3',4),(79,'PER101','2208','5907','192.168.41.3',4),(80,'SSA101','2220','5921','192.168.41.3',4),(81,'ZBX101','2226','5930','192.168.41.3',4),(82,'REV101','2209','5909','192.168.41.3',4),(83,'REV102','2228','5932','192.168.41.3',4),(84,'SUP101','2222','5922','192.168.41.3',4),(85,'PLJ101','22','5908','192.168.41.3',4),(115,'REV101','2209','5909','192.168.44.3',6),(116,'INF101','2207','5906','192.168.44.3',6),(117,'SRO101','2219','5919','192.168.44.3',6),(118,'SDV101','2212','5912','192.168.44.3',6),(119,'ASS102','2204','5903','192.168.44.3',6),(120,'ASS103','2203','5902','192.168.44.3',6),(121,'AWP101','2229','5933','192.168.44.3',6),(122,'CTR102','2206','5905','192.168.44.3',6),(123,'CTR101','2205','5904','192.168.44.3',6),(124,'PER101','2208','5907','192.168.44.3',6),(125,'PLJ101','22','5908','192.168.44.3',6),(126,'PLN101','2230','5934','192.168.44.3',6),(127,'REV102','2228','5932','192.168.44.3',6),(128,'SADV101','2210','5910','192.168.44.3',6),(129,'SBD001-PRIV','2211','5911','192.168.44.3',6),(130,'SGD101','2214','5914','192.168.44.3',6),(131,'SGIE','2202','5901','192.168.44.3',6),(132,'SOP101','2217','5916','192.168.44.3',6),(133,'SPA101','2218','5917','192.168.44.3',6),(134,'SRO102','2227','5931','192.168.44.3',6),(135,'SSA101','2220','5921','192.168.44.3',6),(136,'SSA102','2221','5929','192.168.44.3',6),(137,'SUP101','2222','5922','192.168.44.3',6),(138,'TWR101','2223','5928','192.168.44.3',6),(139,'VOP101','2224','5923','192.168.44.3',6),(140,'VUP101','2225','5924','192.168.44.3',6),(141,'ZBX101','2226','5930','192.168.44.3',6),(142,'AIS101','2230','5935','192.168.34.3',7),(143,'ASS102','2204','5903','192.168.34.3',7),(144,'AWP101','2229','5933','192.168.34.3',7),(145,'CTR102','2205','5904','192.168.34.3',7),(146,'CTR103','2206','5905','192.168.34.3',7),(147,'INF101','2207','5906','192.168.34.3',7),(148,'MET101','2231','5936','192.168.34.3',7),(149,'PER101','2208','5907','192.168.34.3',7),(150,'PLJ101','22','5908','192.168.34.3',7),(151,'PLN101','2230','5934','192.168.34.3',7),(152,'REV101','2209','5909','192.168.34.3',7),(153,'REV102','2228','5932','192.168.34.3',7),(154,'SADV101','2210','5910','192.168.34.3',7),(155,'SBD001-PRIV','2211','5911','192.168.34.3',7),(156,'SDV101','2212','5912','192.168.34.3',7),(157,'SGD101','2214','5914','192.168.34.3',7),(158,'SGIE','2202','5901','192.168.34.3',7),(159,'SOP101','2217','5916','192.168.34.3',7),(160,'SPA101','2218','5917','192.168.34.3',7),(161,'SRO101','2219','5919','192.168.34.3',7),(162,'SRO102','2227','5931','192.168.34.3',7),(163,'SSA101','2220','5921','192.168.34.3',7),(164,'SSA102','2221','5929','192.168.34.3',7),(165,'STA101','2233','5937','192.168.34.3',7),(166,'SUP101','2222','5922','192.168.34.3',7),(167,'TWR101','2223','5928','192.168.34.3',7),(168,'VOP101','2224','5923','192.168.34.3',7),(169,'VUP101','2225','5924','192.168.34.3',7),(170,'ZBX101','2226','5930','192.168.34.3',7),(200,'AIS101','2231','5935','192.168.55.3',9),(201,'ASS102','2203','5902','192.168.55.3',9),(202,'ASS103','2204','5903','192.168.55.3',9),(203,'AWP101','2229','5933','192.168.55.3',9),(204,'CTR102','2205','5904','192.168.55.3',9),(205,'CTR103','2206','5905','192.168.55.3',9),(206,'INF101','2207','5906','192.168.55.3',9),(207,'MET101','2232','5936','192.168.55.3',9),(208,'PER101','2208','5907','192.168.55.3',9),(209,'PLJ101','22','5908','192.168.55.3',9),(210,'PLN101','2230','5934','192.168.55.3',9),(211,'REV101','2209','5909','192.168.55.3',9),(212,'REV102','2228','5932','192.168.55.3',9),(213,'SADV101','2210','5910','192.168.55.3',9),(214,'SBD001-PRIV','2211','5911','192.168.55.3',9),(215,'SDV101','2212','5912','192.168.55.3',9),(216,'SGD101','2214','5914','192.168.55.3',9),(217,'SGIE','2202','5901','192.168.55.3',9),(218,'SOP101','2217','5916','192.168.55.3',9),(219,'SPA101','2218','5917','192.168.55.3',9),(220,'SRO101','2219','5919','192.168.55.3',9),(221,'SRO102','2227','5931','192.168.55.3',9),(222,'SSA101','2220','5921','192.168.55.3',9),(223,'SSA102','2221','5929','192.168.55.3',9),(224,'SUP101','2222','5922','192.168.55.3',9),(225,'TWR101','2223','5928','192.168.55.3',9),(226,'VOP101','2224','5923','192.168.55.3',9),(227,'VUP101','2225','5924','192.168.55.3',9),(228,'ZBX101','2226','5930','192.168.55.3',9),(229,'ASS103','2204','5903','192.168.56.3',10),(230,'AWP101','2229','5933','192.168.56.3',10),(231,'CTR102','2205','5904','192.168.56.3',10),(232,'CTR103','2206','5905','192.168.56.3',10),(233,'INF101','2207','5906','192.168.56.3',10),(234,'PER101','2208','5907','192.168.56.3',10),(235,'PLJ101','2288','5908','192.168.56.3',10),(236,'PLN101','2230','5934','192.168.56.3',10),(237,'REV101','2209','5909','192.168.56.3',10),(238,'REV102','2228','5932','192.168.56.3',10),(239,'SADV101','2210','5910','192.168.56.3',10),(240,'SBD001-PRIV','2211','5911','192.168.56.3',10),(241,'SDV101','2212','5912','192.168.56.3',10),(242,'SGD101','2214','5914','192.168.56.3',10),(243,'SGIE','2202','5901','192.168.56.3',10),(244,'SOP101','2217','5916','192.168.56.3',10),(245,'SPA101','22','5917','192.168.56.3',10),(246,'SRO101','2219','5919','192.168.56.3',10),(247,'SRO102','2227','5931','192.168.56.3',10),(248,'SSA101','2220','5921','192.168.56.3',10),(249,'SSA102','2221','5929','192.168.56.3',10),(250,'STA101','2231','5958','192.168.56.3',10),(251,'SUP101','2222','5922','192.168.56.3',10),(252,'TWR101','2223','5928','192.168.56.3',10),(253,'VOP101','2224','5923','192.168.56.3',10),(254,'VUP101','2225','5924','192.168.56.3',10),(256,'ASS103','2204','5903','192.168.57.3',11),(257,'AWP101','2229','5933','192.168.57.3',11),(258,'CTR102','2205','5904','192.168.57.3',11),(259,'CTR103','2206','5905','192.168.57.3',11),(260,'INF101','2207','5906','192.168.57.3',11),(261,'PER101','2208','5907','192.168.57.3',11),(262,'PLJ101','2222','5908','192.168.57.3',11),(263,'PLN101','2230','5934','192.168.57.3',11),(264,'REV101','2209','5909','192.168.57.3',11),(265,'REV102','2228','5932','192.168.57.3',11),(266,'SADV101','2210','5910','192.168.57.3',11),(267,'SBD001-PRIV','2211','5911','192.168.57.3',11),(268,'SDV101','2212','5912','192.168.57.3',11),(269,'SGD101','2214','5914','192.168.57.3',11),(270,'SGIE','2202','5901','192.168.57.3',11),(271,'SOP101','2217','5916','192.168.57.3',11),(272,'SPA101','2218','5917','192.168.57.3',11),(273,'SRO101','2219','5919','192.168.57.3',11),(274,'SRO102','2227','5931','192.168.57.3',11),(275,'SSA101','2220','5921','192.168.57.3',11),(276,'SSA102','2221','5929','192.168.57.3',11),(277,'SUP101','22','5922','192.168.57.3',11),(278,'TWR101','2223','5928','192.168.57.3',11),(279,'VOP101','2224','5923','192.168.57.3',11),(280,'VUP101','2225','5924','192.168.57.3',11),(281,'ZBX101','2226','5930','192.168.57.3',11),(282,'ASS102','2202','5902','192.168.57.3',11),(309,'ASS103','2204','5903','192.168.58.3',12),(310,'AWP101','2229','5933','192.168.58.3',12),(311,'CTR102','2205','5904','192.168.58.3',12),(312,'CTR103','2206','5905','192.168.58.3',12),(313,'INF101','2207','5906','192.168.58.3',12),(314,'PER101','2208','5907','192.168.58.3',12),(315,'PLJ101','22','5908','192.168.58.3',12),(316,'PLN101','2230','5934','192.168.58.3',12),(317,'REV101','2209','5909','192.168.58.3',12),(318,'REV102','2228','5932','192.168.58.3',12),(319,'SADV101','2210','5910','192.168.58.3',12),(320,'SBD001-PRIV','2211','5911','192.168.58.3',12),(321,'SDV101','2212','5912','192.168.58.3',12),(322,'SGD101','2214','5914','192.168.58.3',12),(323,'SGIE','2202','5901','192.168.58.3',12),(324,'SOP101','2217','5916','192.168.58.3',12),(325,'SPA101','2218','5917','192.168.58.3',12),(326,'SRO101','2219','5919','192.168.58.3',12),(327,'SRO102','2227','5931','192.168.58.3',12),(328,'SSA101','2220','5921','192.168.58.3',12),(329,'SSA102','2221','5929','192.168.58.3',12),(330,'SUP101','2222','5922','192.168.58.3',12),(331,'TWR101','2223','5928','192.168.58.3',12),(332,'VOP101','2224','5923','192.168.58.3',12),(333,'VUP101','2225','5924','192.168.58.3',12),(334,'ZBX101','2226','5930','192.168.58.3',12),(337,'SUP11','2203','5903','192.168.106.5',13),(338,'PLAN11','2204','5904','192.168.106.5',13),(339,'SAR11','2205','5905','192.168.106.5',13),(343,'SUP11','2253','5953','192.168.106.5',14),(344,'PLAN11','2254','5954','192.168.106.5',14),(345,'SAR11','2255','5955','192.168.106.5',14),(346,'GRD11','2207','5957','192.168.106.5',14),(443,'ASS102','2203','5902','192.168.59.3',15),(444,'ASS103','2204','5903','192.168.59.3',15),(445,'AWP101','2229','5933','192.168.59.3',15),(446,'CTR102','2205','5904','192.168.59.3',15),(447,'CTR103','2206','5905','192.168.59.3',15),(448,'INF101','2207','5906','192.168.59.3',15),(449,'PER101','2208','5907','192.168.59.3',15),(453,'PLJ101','2267','5908','192.168.59.3',15),(454,'PLN101','2230','5934','192.168.59.3',15),(455,'REV101','2209','5909','192.168.59.3',15),(456,'REV102','2228','5932','192.168.59.3',15),(457,'SADV101','2210','5910','192.168.59.3',15),(458,'SBD001-PRIV','2211','5911','192.168.59.3',15),(459,'SDV101','2212','5912','192.168.59.3',15),(460,'SGD101','2214','5914','192.168.59.3',15),(461,'SGIE','2202','5901','192.168.59.3',15),(462,'SOP101','2217','5916','192.168.59.3',15),(463,'SPA101','2218','5917','192.168.59.3',15),(464,'SRO101','2219','5919','192.168.59.3',15),(465,'SRO102','2227','5931','192.168.59.3',15),(466,'SSA101','2220','5921','192.168.59.3',15),(467,'SSA102','2221','5929','192.168.59.3',15),(468,'SUP101','2222','5922','192.168.59.3',15),(470,'TWR101','2223','5928','192.168.59.3',15),(471,'VOP101','2224','5923','192.168.59.3',15),(472,'VUP101','2225','5924','192.168.59.3',15),(474,'Gerente','2231','5989','192.168.59.3',15),(475,'PIL101','','5990','192.168.59.3',15),(476,'PIL102','','5991','192.168.59.3',15),(477,'PIL103','','5992','192.168.59.3',15),(478,'ASS101','','5901','172.30.5.204',16),(479,'ASS102','','5956','172.30.5.204',16),(480,'ASS103','','5957','172.30.5.204',16),(481,'CTR102','','5964','172.30.5.204',16),(482,'CTR103','','5965','172.30.5.204',16),(483,'CTR104','','5965','172.30.5.204',16),(484,'PDF101','','6011','172.30.5.204',16),(485,'SOP101','','5992','172.30.5.204',16),(486,'SOP102','','5903','192.168.106.26',16),(487,'SUP101','','5998','172.30.5.204',16),(488,'TWIMI101','','5902','172.30.5.204',16),(489,'TWIMI102','','6002','172.30.5.204',16),(490,'PLJ101','22','5901','192.168.106.26',16),(491,'RASS101','','5909','192.168.106.26',16),(492,'ATFM101','','5908','192.168.106.26',16),(493,'PLN101','','5904','192.168.106.26',16),(494,'PLA101','','5905','192.168.106.26',16),(495,'ASD101','','5938','192.168.106.26',16),(496,'ASD102','','5939','192.168.106.26',16),(497,'SNP101','','5937','172.30.5.204',16),(498,'SNP102','','5982','192.168.106.26',16),(499,'VUP101','','5940','192.168.106.26',16),(500,'VIS101','','5941','192.168.106.26',16),(501,'VIS102','','5942','192.168.106.26',16),(502,'SDF101','','5942','192.168.106.26',16),(503,'PMI101','2201','5900','192.168.106.26',16),(504,'SNIFF01','','5944','172.30.5.204',16),(539,'PLJ101','22','5911','192.168.106.11',18),(540,'ASS101','2203','5903','192.168.106.11',18),(541,'CTR101','2204','5901','192.168.106.11',18),(542,'PENTAHO','2221','5902','192.168.106.11',18),(543,'PLJ BUILD','2224','5904','192.168.106.11',18),(544,'PLN101','2206','5905','192.168.106.11',18),(545,'SDV101','2207','5906','192.168.106.11',18),(546,'SGD101','2208','5907','192.168.106.11',18),(547,'SISOCOAM','2225','5908','192.168.106.11',18),(548,'STA101','2209','5909','192.168.106.11',18),(549,'SUP101','2210','5910','192.168.106.11',18),(550,'SPA101','2211','5912','192.168.106.11',18),(551,'SPA102','2212','5913','192.168.106.11',18),(552,'PYHTON-DEV','2214','5914','192.168.106.11',18),(553,'SCT','','59104','192.168.106.20',1),(614,'DEV01','2202','5902','192.168.106.20',1),(615,'DEV02','2203','5903','192.168.106.20',1),(616,'DEV03','2204','5904','192.168.106.20',1),(617,'DEV31','2205','5905','192.168.106.20',1),(618,'DEV33','2206','5906','192.168.106.20',1),(619,'DEV38','2207','5907','192.168.106.20',1),(620,'PIL02','2209','5909','192.168.106.20',1),(621,'PIL03','2210','5910','192.168.106.20',1),(622,'PIL04','2211','5911','192.168.106.20',1),(623,'PIL05','2212','5912','192.168.106.20',1),(624,'PIL06','2213','5913','192.168.106.20',1),(625,'PIL07','2214','5914','192.168.106.20',1),(626,'PIL08','2215','5915','192.168.106.20',1),(627,'PIL100','2216','5916','192.168.106.20',1),(628,'PIL101','2217','5917','192.168.106.20',1),(629,'PIL102','2218','5918','192.168.106.20',1),(630,'PIL103','2219','5919','192.168.106.20',1),(631,'PIL104','2220','5920','192.168.106.20',1),(632,'PIL09','2221','5921','192.168.106.20',1),(633,'PIL10','2222','5922','192.168.106.20',1),(634,'PIL11','2223','5923','192.168.106.20',1),(635,'PIL12','2224','5924','192.168.106.20',1),(636,'PIL13','2225','5925','192.168.106.20',1),(637,'PIL14','2226','5926','192.168.106.20',1),(638,'PIL15','2227','5927','192.168.106.20',1),(639,'PIL16','2228','5928','192.168.106.20',1),(640,'PIL17','2229','5929','192.168.106.20',1),(641,'PIL18','2230','5930','192.168.106.20',1),(642,'PIL110','2231','5931','192.168.106.20',1),(643,'PIL111','2232','5932','192.168.106.20',1),(644,'PIL19','2233','5933','192.168.106.20',1),(645,'PIL20','2234','5934','192.168.106.20',1),(646,'PIL21','2235','5935','192.168.106.20',1),(647,'PIL22','2236','5936','192.168.106.20',1),(648,'PIL23','2237','5937','192.168.106.20',1),(649,'PIL24','2238','5938','192.168.106.20',1),(650,'PIL25','2239','5939','192.168.106.20',1),(651,'PIL26','2240','5940','192.168.106.20',1),(652,'PIL27','2241','5941','192.168.106.20',1),(653,'PIL28','2242','5942','192.168.106.20',1),(654,'PIL120','2243','5943','192.168.106.20',1),(655,'PIL121','2244','5944','192.168.106.20',1),(656,'PIL29','2245','5945','192.168.106.20',1),(657,'PIL30','2246','5946','192.168.106.20',1),(658,'PIL31','2247','5947','192.168.106.20',1),(659,'PIL32','2248','5948','192.168.106.20',1),(660,'PIL33','2249','5949','192.168.106.20',1),(661,'PIL34','2250','5950','192.168.106.20',1),(662,'PIL35','2251','5951','192.168.106.20',1),(663,'PIL36','2252','5952','192.168.106.20',1),(664,'PIL37','2253','5953','192.168.106.20',1),(665,'PIL38','2254','5954','192.168.106.20',1),(666,'PIL130','2255','5955','192.168.106.20',1),(667,'PIL131','2256','5956','192.168.106.20',1),(668,'PIL39','2257','5957','192.168.106.20',1),(669,'PIL40','2258','5958','192.168.106.20',1),(670,'PIL41','2259','5959','192.168.106.20',1),(671,'PIL42','2260','5960','192.168.106.20',1),(672,'PIL43','2261','5961','192.168.106.20',1),(673,'PIL44','2262','5962','192.168.106.20',1),(674,'SOP101','2271','5969','192.168.106.20',19),(675,'CTR101','2272','5970','192.168.106.20',19),(676,'ASS101','2273','5971','192.168.106.20',19),(677,'CTR102','2274','5972','192.168.106.20',19),(678,'ASS102','2275','5973','192.168.106.20',19),(679,'CTR103','2276','5974','192.168.106.20',19),(680,'ASS103','2277','5975','192.168.106.20',19),(681,'CTR104','2278','5980','192.168.106.20',19),(682,'ASS104','2279','5981','192.168.106.20',19),(683,'PLN101','2280','5982','192.168.106.20',19),(684,'SOP111','2284','5983','192.168.106.20',19),(685,'CTR111','2285','5984','192.168.106.20',19),(686,'ASS111','2286','5985','192.168.106.20',19),(687,'CTR112','2287','5986','192.168.106.20',19),(688,'ASS112','2288','5987','192.168.106.20',19),(689,'SUP111','2289','5988','192.168.106.20',19),(690,'SUP112','2290','5989','192.168.106.20',19),(691,'PLN111','2297','5990','192.168.106.20',19),(692,'SUP121','2300','5991','192.168.106.20',19),(693,'PLN121','2310','5992','192.168.106.20',19),(694,'CTR121','2299','5993','192.168.106.20',19),(695,'ASS121','2298','5994','192.168.106.20',19),(696,'CTR122','2305','5995','192.168.106.20',19),(697,'ASS122','2304','5996','192.168.106.20',19),(698,'SUP122','2306','5997','192.168.106.20',19),(699,'SOP131','2311','5998','192.168.106.20',19),(700,'CTR131','2212','5999','192.168.106.20',19),(701,'ASS131','2313','59100','192.168.106.20',19),(702,'SUP131','2314','59101','192.168.106.20',19),(703,'PLN131','2318','59102','192.168.106.20',19),(704,'PLJ101','2319','59103','192.168.106.20',19),(705,'STR101','2281','','192.168.106.20',19),(706,'STR111','2291','','192.168.106.20',19),(707,'STR112','2294','','192.168.106.20',19),(708,'STR121','2301','','192.168.106.20',19),(709,'STR122','2307','','192.168.106.20',19),(710,'STR131','2315','','192.168.106.20',19),(711,'SPA101','2282','','192.168.106.20',19),(712,'SPA111','2292','','192.168.106.20',19),(713,'SPA112','2295','','192.168.106.20',19),(714,'SPA121','2302','','192.168.106.20',19),(715,'SPA122','2308','','192.168.106.20',19),(716,'SPA131','2316','','192.168.106.20',19),(717,'STA101','2283','','192.168.106.20',19),(718,'STA111','2293','','192.168.106.20',19),(719,'STA112','2296','','192.168.106.20',19),(720,'STA121','2303','','192.168.106.20',19),(721,'STA122','2309','','192.168.106.20',19),(722,'STA131','2317','','192.168.106.20',19),(723,'SBD001-PRIV','2209','5909','192.168.106.5',13),(724,'SBD001-PRIV','2259','5959','192.168.106.5',14),(725,'SUP12_2K2K','2251','5951','192.168.106.5',14),(726,'SUP12_1080p','2251','5952','192.168.106.5',14),(727,'CI101_2k2k','2280','5980','192.168.106.5',14),(728,'CI101_1080p','2280','5981','192.168.106.5',14),(729,'SUP11','2301','59101','192.168.106.5',20),(730,'PLAN11','2302','59102','192.168.106.5',20),(731,'SAR11','2303','59103','192.168.106.5',20),(732,'SAR12','2304','59104','192.168.106.5',20),(733,'GRD11','2305','59105','192.168.106.5',20),(734,'GRD12','2306','59106','192.168.106.5',20),(735,'BACKEND','2307','59107','192.168.106.5',20),(736,'FRONT01','2308','59108','192.168.106.5',20),(737,'FRONT02','2309','59109','192.168.106.5',20),(738,'FRONT03','2310','59110','192.168.106.5',20),(739,'FRONT04','2311','59111','192.168.106.5',20),(740,'SUP11','2400','59151','192.168.106.5',22),(741,'PLAN11','2401','59152','192.168.106.5',22),(742,'SAR11','2402','59153','192.168.106.5',22),(743,'SAR12','2403','59154','192.168.106.5',22),(744,'GRD11','2404','59155','192.168.106.5',22),(745,'GRD12','2405','59156','192.168.106.5',22),(746,'SUP12 Monitor Barco','2201','5901','192.168.106.5',13),(747,'SAR12','2206','5906','192.168.106.5',13),(748,'GRD11','2207','5907','192.168.106.5',13),(749,'GRD12','2208','5908','192.168.106.5',13),(750,'PLAN12 (GC)','2210','5910','192.168.106.5',13),(751,'AJCI11','2261','5961','192.168.106.5',14),(752,'CC11_2K2K','2260','5960','192.168.106.5',14),(808,'AIS00101','2202','5902','192.168.70.3',24),(809,'ASS00101','2203','5903','192.168.70.3',24),(810,'ASS00102','2204','5904','192.168.70.3',24),(811,'ASS10101','2205','5905','192.168.70.3',24),(812,'ASS10102','2206','5906','192.168.70.3',24),(813,'AWP00101','2207','5907','192.168.70.3',24),(814,'CTR00101','2208','5908','192.168.70.3',24),(815,'CTR00102','2209','5909','192.168.70.3',24),(816,'CTR10101','2210','5910','192.168.70.3',24),(817,'CTR10102','2211','5911','192.168.70.3',24),(818,'MET00101','2212','5912','192.168.70.3',24),(819,'PER00101','2213','5913','192.168.70.3',24),(820,'PLJ00101','2214','5914','192.168.70.3',24),(821,'PLJ00102','2215','5915','192.168.70.3',24),(822,'PLN00101','2216','5916','192.168.70.3',24),(823,'PLN00102','2217','5917','192.168.70.3',24),(824,'REV00101','2218','5918','192.168.70.3',24),(825,'SBD001','2219','5919','192.168.70.3',24),(826,'SDV00101','2220','5920','192.168.70.3',24),(827,'SDV00102','2221','5921','192.168.70.3',24),(828,'SDV10101','2222','5922','192.168.70.3',24),(829,'SDV10102','2223','5923','192.168.70.3',24),(830,'SGD00101','2224','5924','192.168.70.3',24),(831,'SGD00102','2225','5925','192.168.70.3',24),(832,'SGD10101','2226','5926','192.168.70.3',24),(833,'SGD10102','2227','5927','192.168.70.3',24),(834,'SGIE','2200','5901','192.168.70.3',24),(835,'SIC00101','2228','5928','192.168.70.3',24),(836,'SIC00102','2229','5929','192.168.70.3',24),(837,'SIC10101','2230','5930','192.168.70.3',24),(838,'SIC10102','2231','5931','192.168.70.3',24),(839,'SOP00101','2232','5932','192.168.70.3',24),(840,'SOP10101','2233','5933','192.168.70.3',24),(841,'SPA00101','2234','5934','192.168.70.3',24),(842,'SPA00102','2235','5935','192.168.70.3',24),(843,'SPA10101','2236','5936','192.168.70.3',24),(844,'SPA10102','2237','5937','192.168.70.3',24),(845,'SRO00101','2238','5938','192.168.70.3',24),(846,'SRO00102','2239','5939','192.168.70.3',24),(847,'SRO10101','2240','5940','192.168.70.3',24),(848,'SRO10102','2241','5941','192.168.70.3',24),(849,'SSA00101','2242','5942','192.168.70.3',24),(850,'SSA00102','2243','5943','192.168.70.3',24),(851,'SSA10101','2244','5944','192.168.70.3',24),(852,'SSA10102','2245','5945','192.168.70.3',24),(853,'STA00101','2246','5946','192.168.70.3',24),(854,'STA00102','2247','5947','192.168.70.3',24),(855,'STA10101','2248','5948','192.168.70.3',24),(856,'STA10102','2249','5949','192.168.70.3',24),(857,'SUP00101','2250','5950','192.168.70.3',24),(858,'SUP10101','2251','5951','192.168.70.3',24),(859,'VMT00101','2252','5952','192.168.70.3',24),(860,'VOP00101','2253','5953','192.168.70.3',24),(861,'VOP10101','2254','5954','192.168.70.3',24),(862,'VUP00101','2255','5955','192.168.70.3',24),(863,'VUP10101','2256','5956','192.168.70.3',24),(917,'AIS00101','2207','5907','192.168.37.3',25),(918,'ASS00101','2204','5904','192.168.37.3',25),(919,'ASS00102','2206','5906','192.168.37.3',25),(920,'ASS10101','2304','5954','192.168.37.3',25),(921,'ASS10102','2306','5956','192.168.37.3',25),(922,'AWP00101','2228','5928','192.168.37.3',25),(923,'AWP00102','2323','5973','192.168.37.3',25),(924,'CTR00101','2203','5903','192.168.37.3',25),(925,'CTR00102','2205','5905','192.168.37.3',25),(926,'CTR10101','2303','5953','192.168.37.3',25),(927,'CTR10102','2305','5955','192.168.37.3',25),(928,'FRW006101','2299','5999','192.168.37.3',25),(929,'FRW006102','2399','5999','192.168.37.3',25),(930,'MET00101','2208','5908','192.168.37.3',25),(931,'PER00101','2210','5910','192.168.37.3',25),(932,'PLJ00101','2200','5900','192.168.37.3',25),(933,'PLN00101','2209','5909','192.168.37.3',25),(934,'PLN00102','2307','5957','192.168.37.3',25),(935,'REV00101','2211','5911','192.168.37.3',25),(936,'REV00102','2373','5958','192.168.37.3',25),(937,'SBD00101','2213','5913','192.168.37.3',25),(938,'SDV00101','2216','5916','192.168.37.3',25),(939,'SDV00102','2217','5917','192.168.37.3',25),(940,'SDV10101','2311','5961','192.168.37.3',25),(941,'SDV10102','2312','5962','192.168.37.3',25),(942,'SGD00101','2218','5918','192.168.37.3',25),(943,'SGD00102','2219','5919','192.168.37.3',25),(944,'SGD10101','2313','5963','192.168.37.3',25),(945,'SGD10102','2314','5964','192.168.37.3',25),(946,'SGIE','2398','5998','192.168.37.3',25),(947,'SIC00101','2220','5920','192.168.37.3',25),(948,'SIC00102','2221','5921','192.168.37.3',25),(949,'SIC10101','2315','5965','192.168.37.3',25),(950,'SIC10102','2316','5966','192.168.37.3',25),(951,'SOP00101','2201','5901','192.168.37.3',25),(952,'SOP10101','2301','5951','192.168.37.3',25),(953,'SPA00101','2214','5914','192.168.37.3',25),(954,'SPA00102','2215','5915','192.168.37.3',25),(955,'SPA10101','2309','5959','192.168.37.3',25),(956,'SPA10102','2310','5960','192.168.37.3',25),(957,'SRO00101','2222','5922','192.168.37.3',25),(958,'SRO00102','2223','5923','192.168.37.3',25),(959,'SRO10101','2317','5967','192.168.37.3',25),(960,'SRO10102','2318','5968','192.168.37.3',25),(961,'SSA00101','2224','5924','192.168.37.3',25),(962,'SSA00102','2225','5925','192.168.37.3',25),(963,'SSA10101','2319','5969','192.168.37.3',25),(964,'SSA10102','2320','5970','192.168.37.3',25),(965,'STA00101','2226','5926','192.168.37.3',25),(966,'STA00102','2227','5927','192.168.37.3',25),(967,'STA10101','2321','5971','192.168.37.3',25),(968,'STA10102','2322','5972','192.168.37.3',25),(969,'SUP00101','2202','5902','192.168.37.3',25),(970,'SUP10101','2302','5952','192.168.37.3',25),(971,'VMT00101','2212','5912','192.168.37.3',25),(972,'PLAN13','2211','5911','192.168.106.5',13),(973,'MET101','2231','5935','192.168.57.3',11),(975,'PER_FISICA','2215','5915','192.168.106.11',26),(976,'TESTE_A5_FISICA','2216','5916','192.168.106.11',26),(977,'AIS101','2217','5917','192.168.106.11',26),(978,'ASS101','2218','5918','192.168.106.11',26),(979,'CTR101','2219','5919','192.168.106.11',26),(980,'LDAP','2220','5920','192.168.106.11',26),(981,'MET101','2221','5921','192.168.106.11',26),(982,'PER_A5_VIRTUAL','2222','5922','192.168.106.11',26),(983,'PLJ101','2223','5923','192.168.106.11',26),(984,'PLN101','2224','5924','192.168.106.11',26),(985,'RCC101','2225','5925','192.168.106.11',26),(986,'SBD101-PRIV','2226','5926','192.168.106.11',26),(987,'SDV101','2227','5927','192.168.106.11',26),(988,'SGD101','2228','5928','192.168.106.11',26),(989,'SPA101','2229','5929','192.168.106.11',26),(990,'SRO101','2230','5930','192.168.106.11',26),(991,'STA101','2231','5931','192.168.106.11',26),(992,'SUP101','2232','5932','192.168.106.11',26),(993,'TWR101','2233','5933','192.168.106.100',26),(994,'SUP12 Monitor pequeno','2201','5902','172.18.61.37',13),(995,'CI101','2212','5912','192.168.106.5',13),(996,'REV00102','2257','5957','192.168.70.3',24),(997,'SNP101','2231','5935','192.168.44.3',6),(998,'SNP102','2232','5936','192.168.44.3',6),(999,'ASS101','2252','5902','192.168.25.3',27),(1000,'ASS102','2253','5903','192.168.25.3',27),(1001,'CTR101','2207','5907','192.168.25.3',27),(1002,'CTR102','2208','5908','192.168.25.3',27),(1003,'MET101','2213','5959','192.168.25.3',27),(1004,'PER901','2214','5914','192.168.25.3',27),(1005,'PLJ101','2211','5911','192.168.25.3',27),(1006,'PLN101','2216','5916','192.168.25.3',27),(1007,'REV101','2245','5945','192.168.25.3',27),(1008,'SADV301','2247','5947','192.168.25.3',27),(1009,'SBD001-PRIV','2248','5948','192.168.25.3',27),(1010,'SGD101','2218','5918','192.168.25.3',27),(1011,'SGD102','2219','5919','192.168.25.3',27),(1012,'SOP101','2222','5922','192.168.25.3',27),(1013,'SOP102','2217','5917','192.168.25.3',27),(1014,'SPA101','2224','5924','192.168.25.3',27),(1015,'SPA102','2225','5925','192.168.25.3',27),(1016,'SUP101','2236','5936','192.168.25.3',27),(1017,'STA101','2255','5960','192.168.25.3',27),(1018,'ASS201','2254','5904','192.168.25.3',27),(1019,'CTR201','2209','5909','192.168.25.3',27),(1020,'CTR202','2210','5910','192.168.25.3',27),(1021,'SDV201','2217','5917','192.168.25.3',27),(1022,'SGD201','2220','5920','192.168.25.3',27),(1023,'PLN201','2243','5943','192.168.25.3',27),(1024,'SOP201','2223','5923','192.168.25.3',27),(1025,'SPA201','2226','5926','192.168.25.3',27),(1026,'SPA202','2258','5958','192.168.25.3',27),(1027,'SRO201','2230','5930','192.168.25.3',27),(1028,'STA201','2234','5934','192.168.25.3',27),(1029,'SUP201','2237','5934','192.168.25.3',27),(1030,'ASS101','2211','5901','192.168.20.3',28),(1031,'ASS102','2212','5902','192.168.20.3',28),(1032,'CTR101','2215','5905','192.168.20.3',28),(1033,'CTR102','2216','5906','192.168.20.3',28),(1034,'MET101','2219','5909','192.168.20.3',28),(1035,'PER901','2220','5910','192.168.20.3',28),(1036,'PLJ101','2221','5911','192.168.20.3',28),(1037,'PLN101','2222','5912','192.168.20.3',28),(1038,'PMI','2223','5913','192.168.20.3',28),(1039,'REV101','2224','5914','192.168.20.3',28),(1040,'SADV301','2225','5915','192.168.20.3',28),(1041,'SBD001-PRIV','2226','5916','192.168.20.3',28),(1042,'SGD101','2229','5919','192.168.20.3',28),(1043,'SGD102','2230','5920','192.168.20.3',28),(1044,'SOP101','2232','5922','192.168.20.3',28),(1045,'SPA101','2234','5924','192.168.20.3',28),(1046,'SPA102','2235','5925','192.168.20.3',28),(1047,'SRO101','2237','5927','192.168.20.3',28),(1048,'SUP101','2241','5931','192.168.20.3',28),(1049,'ASS201','2213','5903','192.168.20.3',28),(1050,'ASS202','2214','5904','192.168.20.3',28),(1051,'CTR201','2217','5907','192.168.20.3',28),(1052,'CTR202','2218','5908','192.168.20.3',28),(1053,'SDV201','2228','5918','192.168.20.3',28),(1054,'SGD201','2231','5920','192.168.20.3',28),(1055,'SOP201','2233','5923','192.168.20.3',28),(1056,'SPA201','2236','5926','192.168.20.3',28),(1057,'SRO201','2238','5930','192.168.20.3',28),(1058,'SUP201','2242','5932','192.168.20.3',28),(1059,'STA201','2240','5971','192.168.20.3',28),(1060,'AIS00101','2207','5907','192.168.106.13',29),(1061,'ASS00101','2204','5904','192.168.106.13',29),(1062,'ASS00102','2206','5906','192.168.106.13',29),(1063,'ASS10101','2304','5954','192.168.106.13',29),(1064,'ASS10102','2306','5956','192.168.106.13',29),(1065,'AWP00101','2228','5928','192.168.106.13',29),(1066,'AWP00102','2323','5973','192.168.106.13',29),(1067,'CTR00101','2203','5903','192.168.106.13',29),(1068,'CTR00102','2205','5905','192.168.106.13',29),(1069,'CTR10101','2303','5953','192.168.106.13',29),(1070,'CTR10102','2305','5955','192.168.106.13',29),(1071,'FRW006101','2299','5999','192.168.106.13',29),(1072,'FRW006102','2399','5999','192.168.106.13',29),(1073,'MET00101','2208','5908','192.168.106.13',29),(1074,'PER00101','2210','5910','192.168.106.13',29),(1075,'PLJ00101','2200','5900','192.168.106.13',29),(1076,'PLN00101','2209','5909','192.168.106.13',29),(1077,'PLN00102','2307','5957','192.168.106.13',29),(1078,'REV00101','2211','5911','192.168.106.13',29),(1079,'REV00102','2373','5958','192.168.106.13',29),(1080,'SBD00101','2213','5913','192.168.106.13',29),(1081,'SDV00101','2216','5916','192.168.106.13',29),(1082,'SDV00102','2217','5917','192.168.106.13',29),(1083,'SDV10101','2311','5961','192.168.106.13',29),(1084,'SDV10102','2312','5962','192.168.106.13',29),(1085,'SGD00101','2218','5918','192.168.106.13',29),(1086,'SGD00102','2219','5919','192.168.106.13',29),(1087,'SGD10101','2313','5963','192.168.106.13',29),(1088,'SGD10102','2314','5964','192.168.106.13',29),(1089,'SGIE','2398','5998','192.168.106.13',29),(1090,'SIC00101','2220','5920','192.168.106.13',29),(1091,'SIC00102','2221','5921','192.168.106.13',29),(1092,'SIC10101','2315','5965','192.168.106.13',29),(1093,'SIC10102','2316','5966','192.168.106.13',29),(1094,'SOP00101','2201','5901','192.168.106.13',29),(1095,'SOP10101','2301','5951','192.168.106.13',29),(1096,'SPA00101','2214','5914','192.168.106.13',29),(1097,'SPA00102','2215','5915','192.168.106.13',29),(1098,'SPA10101','2309','5959','192.168.106.13',29),(1099,'SPA10102','2310','5960','192.168.106.13',29),(1100,'SRO00101','2222','5922','192.168.106.13',29),(1101,'SRO00102','2223','5923','192.168.106.13',29),(1102,'SRO10101','2317','5967','192.168.106.13',29),(1103,'SRO10102','2318','5968','192.168.106.13',29),(1104,'SSA00101','2224','5924','192.168.106.13',29),(1105,'SSA00102','2225','5925','192.168.106.13',29),(1106,'SSA10101','2319','5969','192.168.106.13',29),(1107,'SSA10102','2320','5970','192.168.106.13',29),(1108,'STA00101','2226','5926','192.168.106.13',29),(1109,'STA00102','2227','5927','192.168.106.13',29),(1110,'STA10101','2321','5971','192.168.106.13',29),(1111,'STA10102','2322','5972','192.168.106.13',29),(1112,'SUP00101','2202','5902','192.168.106.13',29),(1113,'SUP10101','2302','5952','192.168.106.13',29),(1114,'VMT00101','2212','5912','192.168.106.13',29),(1115,'PLJ101','22301','59301','192.168.106.5',30),(1116,'SUP101','22302','59302','192.168.106.5',30),(1117,'SOP101','22303','59303','192.168.106.5',30),(1118,'VUP101','22304','59304','192.168.106.5',30),(1119,'VOP101','22305','59305','192.168.106.5',30),(1120,'PLN101','22306','59306','192.168.106.5',30),(1121,'CTR101','22307','59307','192.168.106.5',30),(1122,'CTR102','22308','59308','192.168.106.5',30),(1123,'CI102','2213','5913','192.168.106.5',13),(1124,'AIS101','2202','5902','192.168.42.3',31),(1125,'ASS101','2203','5903','192.168.42.3',31),(1126,'ASS102','2204','5904','192.168.42.3',31),(1127,'CTR101','2205','5905','192.168.42.3',31),(1128,'CTR102','2206','5906','192.168.42.3',31),(1129,'MET101','2207','5907','192.168.42.3',31),(1130,'PER101','2208','5908','192.168.42.3',31),(1131,'PLJ101','22','5909','192.168.42.3',31),(1132,'PLN101','2210','5910','192.168.42.3',31),(1133,'REV101','2211','5911','192.168.42.3',31),(1134,'SDV101','2212','5912','192.168.42.3',31),(1135,'SGD101','2213','5913','192.168.42.3',31),(1136,'SIC101','2214','5914','192.168.42.3',31),(1137,'SIC102','2215','5915','192.168.42.3',31),(1138,'SOP101','2216','5916','192.168.42.3',31),(1139,'SPA101','2217','5917','192.168.42.3',31),(1140,'SRO101','2218','5918','192.168.42.3',31),(1141,'SSA101','2219','5919','192.168.42.3',31),(1142,'SSA102','2220','5920','192.168.42.3',31),(1143,'SUP101','2221','5921','192.168.42.3',31),(1144,'VMT101','2222','5922','192.168.42.3',31),(1145,'VOP101','2223','5923','192.168.42.3',31),(1146,'VUP101','2224','5924','192.168.42.3',31),(1147,'ASS201','2220','5901','192.168.54.3',32),(1148,'ASS202','2202','5902','192.168.54.3',32),(1149,'CTR201','2203','5903','192.168.54.3',32),(1150,'CTR202','2204','5904','192.168.54.3',32),(1151,'PLJ102','22','5905','192.168.54.3',32),(1152,'PLN201','2206','5906','192.168.54.3',32),(1153,'SBD001-PRIV','2221','5920','192.168.54.3',32),(1154,'SDV201','2207','5907','192.168.54.3',32),(1155,'SGD201','2208','5908','192.168.54.3',32),(1156,'SIC201','2209','5909','192.168.54.3',32),(1157,'SIC202','2210','5910','192.168.54.3',32),(1158,'SOP201','2211','5911','192.168.54.3',32),(1159,'SPA201','2212','5912','192.168.54.3',32),(1160,'SRO201','2213','5913','192.168.54.3',32),(1161,'SSA202','2214','5914','192.168.54.3',32),(1162,'STA201','2215','5915','192.168.54.3',32),(1163,'STA202','2216','5916','192.168.54.3',32),(1164,'SUP201','2217','5917','192.168.54.3',32),(1165,'VOP201','2218','5918','192.168.54.3',32),(1166,'VUP201','2219','5919','192.168.54.3',32),(1167,'SAPP20','2320','59105','192.168.106.20',1),(1168,'PIL49','2321','59106','192.168.106.20',1),(1169,'PIL50','2322','59107','192.168.106.20',1),(1170,'PIL51','2323','59108','192.168.106.20',1),(1171,'PIL52','2324','59109','192.168.106.20',1),(1172,'PIL53','2325','59110','192.168.106.20',1),(1173,'PIL54','2326','59111','192.168.106.20',1),(1174,'SSAS20','2327','59112','192.168.106.20',1),(1175,'SSAS21','2328','59113','192.168.106.20',1),(1176,'SSAS22','2329','59114','192.168.106.20',1),(1177,'SSAS23','2330','59118','192.168.106.20',1),(1178,'SSAS24','2331','59116','192.168.106.20',1),(1179,'SSAS25','2332','59117','192.168.106.20',1),(1180,'SSAS26','2333','59118','192.168.106.20',1),(1181,'SSAS27','2334','59119','192.168.106.20',1),(1182,'SSAS28','2335','59120','192.168.106.20',1),(1183,'SSAS29','2336','59121','192.168.106.20',1),(1184,'SSAS30','2337','59122','192.168.106.20',1),(1185,'SVOO20','2338','59123','192.168.106.20',1),(1186,'SVOO21','2339','59124','192.168.106.20',1),(1187,'SVOO22','2340','59125','192.168.106.20',1),(1188,'SVOO23','2341','59126','192.168.106.20',1),(1189,'SVOO24','2342','59127','192.168.106.20',1),(1190,'SVOO25','2343','59128','192.168.106.20',1),(1191,'SVOO26','2344','59129','192.168.106.20',1),(1192,'SVOO27','2345','59130','192.168.106.20',1),(1193,'SVOO28','2346','59131','192.168.106.20',1),(1194,'SVOO29','2347','59132','192.168.106.20',1),(1195,'SVOO30','2348','59133','192.168.106.20',1);
/*!40000 ALTER TABLE `node` ENABLE KEYS */;
UNLOCK TABLES;

--
-- Table structure for table `plataforma`
--

DROP TABLE IF EXISTS `plataforma`;
/*!40101 SET @saved_cs_client     = @@character_set_client */;
/*!40101 SET character_set_client = utf8 */;
CREATE TABLE `plataforma` (
  `id` int(11) NOT NULL AUTO_INCREMENT,
  `nome_plataforma` varchar(100) NOT NULL,
  `alias_plataforma` varchar(100) DEFAULT NULL,
  `active_plataforma` smallint(6) DEFAULT NULL,
  `inf_plataforma` varchar(300) DEFAULT NULL,
  `host_projt_id` int(11) DEFAULT NULL,
  PRIMARY KEY (`id`),
  KEY `plataforma_FK` (`host_projt_id`),
  CONSTRAINT `plataforma_FK` FOREIGN KEY (`host_projt_id`) REFERENCES `projetos` (`id_projeto`) ON DELETE CASCADE ON UPDATE CASCADE
) ENGINE=InnoDB AUTO_INCREMENT=33 DEFAULT CHARSET=latin1;
/*!40101 SET character_set_client = @saved_cs_client */;

--
-- Dumping data for table `plataforma`
--

LOCK TABLES `plataforma` WRITE;
/*!40000 ALTER TABLE `plataforma` DISABLE KEYS */;
INSERT INTO `plataforma` VALUES (1,'PLATAO DEV','_PLATAO',1,'Ip Firewall Externo 10.103.3.36 porta 22\nXencenter Ip 10.103.3.36 porta 4443\n',1),(2,'DEV_BTA_CAD01','_DEVBTA',1,'IP Externo 10.103.3.91\nIP Interno  192.168.33.3',2),(3,'DEV_BTA_CAD02','_DEVBTA02',1,'IP externo 10.103.3.111\nIP interno 192.168.43.3',2),(4,'DEV_P2_V2.7','DEV227',1,'Ip Firewall Externo 10.103.3.109 porta 2201\nIp Firewall Interno 192.168.41.3',2),(6,'DEV_P5_V2.7','DEV527',1,'Ip Firewall Externo 10.103.3.112 porta 2201\nIP interno 192.168.44.3',2),(7,'DEV_P6_V2.7','DEV627',1,'Ip Firewall Externo 10.103.3.92 porta 2201\np Firewall Interno 192.168.34.3 ',2),(9,'DEV_P8_V2.7','DEV827',1,'Ip Firewall Externo 10.103.3.127 porta 2201\nIp Firewall Interno  192.168.55.3',2),(10,'DEV_P9_V2.7','DEV927',1,'Ip Firewall Externo 10.103.3.128 porta 2201\nIp Firewall Externo 192.168.56.3',2),(11,'DEV_P10_V2.7','DEV1027',1,'Ip Firewall Externo 10.103.3.129 porta 2201\nIp Firewall Externo 192.168.57.3',2),(12,'DEV_P11_V2.7','DEV1127',1,'Ip Firewall Externo 10.103.3.134 porta 2201\nIP Firewall interno 192.168.58.3',2),(13,'DACOM DEV','DACOMDEV',1,'Plataforma DACOM (Linux 64bits) virtualizada de DEV -- IP firewall externo 10.103.3.150 -- IP firewall interno 192.168.76.3',3),(14,'DACOM Teste','DACOMTST',1,'Plataforma DACOM (Linux 64bits) virtualizada de TEST -- IP firewall externo 10.103.3.150 -- IP firewall interno 192.168.106.5',3),(15,'DEV_P12_V2.7','DEV1227',1,'Ip Firewall Externo 10.103.3.135 porta 2201\nIp Firewall interno 192.168.59.3',2),(16,'TST_PGY_V2.4','PAR',1,'IP de Router para maquinas virtuais 172.30.5.204 porta 22\nIP de Router para posições físicas 10.103.3.45 porta 2201\n\n',2),(18,'FATURAMENTO','_FAT',1,'IP externo 10.103.3.142 porta 2201\nIP Interno 192.168.71.3 porta 2201',2),(19,'PLATAO SAG','_PLATSAG',1,'Ip Firewall Externo 10.103.3.36 porta 22\nIp Firewall Interno 192.168.21.3 porta 22',1),(20,'SISOCOAM','SISOCOAM',1,'Plataforma DACOM (Linux 64bits) virtualizada para testes do SISOCOAM -- IP firewall externo 10.103.3.150 -- IP firewall interno 192.168.76.3',3),(21,'GPIS','GPIS',0,'Plataforma GPIS para DACOM (Linux 64bits) virtualizada -- IP firewall externo 10.103.3.150 -- IP firewall interno 192.168.76.3',3),(22,'CODA32BITS','CODA32BITS',1,'Plataforma DACOM (Linux 32bits) virtualizada -- IP firewall externo 10.103.3.150 -- IP firewall interno 192.168.76.3',3),(24,'TST_SAG_128','_TSTSAG128',1,'IP Externo 10.103.3.141 IP Interno 192.168.70.3',2),(25,'ACCBS BTA','accbsbta',1,'IP externo 10.103.3.14 \nIP interno  192.168.37.3',2),(26,'PLATAFORMA A5','plat_A5',1,'IP Externo 10.103.3.142\nIP Interno  192.168.106.11',2),(27,'CPDLC Virtual 2','_VIRT2',1,'Ip externo 10.103.3.42\nIp Interno 192.168.25.3',2),(28,'CPDLC Virtual 1','_VIRTUAL1',1,'Ip externo 10.103.3.30\nIp interno 192.168.20.3',2),(29,'ACCBS BTA 2','_ACCBSBTA2',1,'IP Externo 10.103.3.143\nIP Interno   192.168.106.13',2),(30,'DACOM SAGITARIO','dacom_sagitario',1,'',3),(31,'DEV_BTA2_CAD01','_DEVBTA2CAD1',1,'IP externo 10.103.3.110\nIp interno   192.168.42.3',2),(32,'DEV_BTA2_CAD02','_DEVBTA2CAD02',1,'Ip externo 10.103.3.126\nIp interno  192.168.54.3',2);
/*!40000 ALTER TABLE `plataforma` ENABLE KEYS */;
UNLOCK TABLES;

--
-- Table structure for table `projetos`
--

DROP TABLE IF EXISTS `projetos`;
/*!40101 SET @saved_cs_client     = @@character_set_client */;
/*!40101 SET character_set_client = utf8 */;
CREATE TABLE `projetos` (
  `id_projeto` int(11) NOT NULL AUTO_INCREMENT,
  `nome_projeto` varchar(100) NOT NULL,
  PRIMARY KEY (`id_projeto`)
) ENGINE=InnoDB AUTO_INCREMENT=4 DEFAULT CHARSET=latin1;
/*!40101 SET character_set_client = @saved_cs_client */;

--
-- Dumping data for table `projetos`
--

LOCK TABLES `projetos` WRITE;
/*!40000 ALTER TABLE `projetos` DISABLE KEYS */;
INSERT INTO `projetos` VALUES (1,'Platao'),(2,'Sagitario'),(3,'Dacom');
/*!40000 ALTER TABLE `projetos` ENABLE KEYS */;
UNLOCK TABLES;

--
-- Table structure for table `user`
--

DROP TABLE IF EXISTS `user`;
/*!40101 SET @saved_cs_client     = @@character_set_client */;
/*!40101 SET character_set_client = utf8 */;
CREATE TABLE `user` (
  `id_user` int(11) NOT NULL AUTO_INCREMENT,
  `passwd_user` varchar(100) DEFAULT NULL,
  `user_user` varchar(100) DEFAULT NULL,
  PRIMARY KEY (`id_user`)
) ENGINE=InnoDB AUTO_INCREMENT=7 DEFAULT CHARSET=latin1;
/*!40101 SET character_set_client = @saved_cs_client */;

--
-- Dumping data for table `user`
--

LOCK TABLES `user` WRITE;
/*!40000 ALTER TABLE `user` DISABLE KEYS */;
INSERT INTO `user` VALUES (1,'$2a$10$PKI3HxcARPsYWLsiOqdyK..KrLhFzZQVLbtxQrDJTFLQhXn345P7y','Admin'),(3,'$2a$10$njeAAZcU.7pUrbf0CoUC/uOBRX.9PD8Dyok7Y9Pc0hjA4nPD.XcpC','crfilho'),(4,'$2a$10$dMmT3XyN3NULaG4rz3OHr.wg18u8Fz8uRtaL3tQpCBRA7DK7pd8R2','ejsilva'),(5,'$2a$10$VUq20ELNtrsT4jFs4gtfs.KsZTkRZP4iRiseOktjr.TuTdQ8DqbCm','cgomes'),(6,'$2a$10$lw6IAlpgVWqGdIiZGiJIjuR66Om72QxbHTSKvCG.5N33U7Xm1F0FK','ogata');
/*!40000 ALTER TABLE `user` ENABLE KEYS */;
UNLOCK TABLES;
/*!40103 SET TIME_ZONE=@OLD_TIME_ZONE */;

/*!40101 SET SQL_MODE=@OLD_SQL_MODE */;
/*!40014 SET FOREIGN_KEY_CHECKS=@OLD_FOREIGN_KEY_CHECKS */;
/*!40014 SET UNIQUE_CHECKS=@OLD_UNIQUE_CHECKS */;
/*!40101 SET CHARACTER_SET_CLIENT=@OLD_CHARACTER_SET_CLIENT */;
/*!40101 SET CHARACTER_SET_RESULTS=@OLD_CHARACTER_SET_RESULTS */;
/*!40101 SET COLLATION_CONNECTION=@OLD_COLLATION_CONNECTION */;
/*!40111 SET SQL_NOTES=@OLD_SQL_NOTES */;

-- Dump completed on 2021-09-10  7:40:06
